entry_type,source_file,sheet_name,variable_name,readable_name,definition,type,units,allowed_values,value_labels,missing_values,source_or_origin,derivation_or_transformation,validation_rules,notes,review_status
source_workbook,Pacific Islander Data New - ESS.xlsx,all,source_workbook,Restricted NHPI OSA workbook,Patient-level chart-review workbook used by the Stata workflow,workbook,not_applicable,not_applicable,not_applicable,not_documented,restricted source workbook,not_applicable,must exist locally before full run,Default path is data/private/Pacific Islander Data New - ESS.xlsx,needs_review
source_variable,Pacific Islander Data New - ESS.xlsx,all,Sex,Sex,Patient sex value used to derive Female,categorical,not_applicable,"F|M|M ","F = Female | M = Male",blank or missing possible,source workbook,recoded to Female,must match expected strings,Definition inferred from code,needs_review
source_variable,Pacific Islander Data New - ESS.xlsx,all,Ageatsleepstudy,Age at sleep study,Age at the sleep study used in tables and models,numeric,years,nonnegative numeric,not_applicable,blank or missing possible,source workbook,rounded and scaled to age_decade; recoded to age_cat,must be numeric where present,Definition inferred from variable name and label,needs_review
source_variable,Pacific Islander Data New - ESS.xlsx,all,BMI,Body mass index,Body mass index used in tables categories and models,numeric,kg/m2,nonnegative numeric,not_applicable,blank or missing possible,source workbook,rounded and scaled to bmi_5; recoded to wt_cat,must be numeric where present,Definition inferred from label,needs_review
source_variable,Pacific Islander Data New - ESS.xlsx,all,Heightcm,Height in centimeters,Height field retained and labeled by the script,numeric,cm,nonnegative numeric,not_applicable,blank or missing possible,source workbook,not_applicable,must be numeric where present,Not otherwise used in table/model code,needs_review
source_variable,Pacific Islander Data New - ESS.xlsx,all,WeightKg,Weight in kilograms,Weight field converted to numeric analysis field,numeric or string,kg,nonnegative numeric,not_applicable,blank or missing possible,source workbook,converted to WeightKg_n,must parse as numeric where present,Definition inferred from variable name,needs_review
source_variable,Pacific Islander Data New - ESS.xlsx,all,Smoking,Smoking status,Smoking indicator used in tables and models,binary or categorical,not_applicable,not_documented,not_documented,blank or missing possible,source workbook,not_applicable,confirm coding before reuse,Definition inferred from script,needs_review
source_variable,Pacific Islander Data New - ESS.xlsx,all,Hypertension,Hypertension,Hypertension comorbidity indicator,binary,not_applicable,not_documented,not_documented,blank or missing possible,source workbook,not_applicable,confirm coding before reuse,Definition inferred from script,needs_review
source_variable,Pacific Islander Data New - ESS.xlsx,all,DM,Diabetes mellitus,Diabetes comorbidity indicator,binary,not_applicable,not_documented,not_documented,blank or missing possible,source workbook,not_applicable,confirm coding before reuse,Definition inferred from script,needs_review
source_variable,Pacific Islander Data New - ESS.xlsx,all,CAD,Coronary artery disease,Coronary artery disease comorbidity indicator,binary,not_applicable,not_documented,not_documented,blank or missing possible,source workbook,not_applicable,confirm coding before reuse,Definition inferred from script,needs_review
source_variable,Pacific Islander Data New - ESS.xlsx,all,CHF,Congestive heart failure,Congestive heart failure comorbidity indicator,binary,not_applicable,not_documented,not_documented,blank or missing possible,source workbook,not_applicable,confirm coding before reuse,Definition inferred from script,needs_review
source_variable,Pacific Islander Data New - ESS.xlsx,all,Renaldisease,Renal disease,Renal disease comorbidity indicator,binary,not_applicable,not_documented,not_documented,blank or missing possible,source workbook,not_applicable,confirm coding before reuse,Definition inferred from script,needs_review
source_variable,Pacific Islander Data New - ESS.xlsx,all,Lungdisease,Lung disease,Lung disease comorbidity indicator,binary,not_applicable,not_documented,not_documented,blank or missing possible,source workbook,not_applicable,confirm coding before reuse,Definition inferred from script,needs_review
source_variable,Pacific Islander Data New - ESS.xlsx,all,Typeofsleepstudy,Type of sleep study,Text field recoded to HSAT versus in-lab PSG,categorical,not_applicable,observed strings in script,not_documented,blank or missing possible,source workbook,recoded to HSAT,must match expected strings or be reviewed,Definition inferred from recode block,needs_review
source_variable,Pacific Islander Data New - ESS.xlsx,all,AHI,Apnea-hypopnea index,Diagnostic apnea-hypopnea index,numeric or string,events/hour,nonnegative numeric,not_applicable,blank or missing possible,source workbook,converted to AHI_n and AHI_per_10,must parse as numeric where present,Definition inferred from label,needs_review
source_variable,Pacific Islander Data New - ESS.xlsx,all,REMAHI,REM AHI,AHI during REM sleep,numeric or string,events/hour,nonnegative numeric,not_applicable,blank or missing possible,source workbook,converted to REMAHI_n,must parse as numeric where present,Definition inferred from label,needs_review
source_variable,Pacific Islander Data New - ESS.xlsx,all,NREMAHI,NREM AHI,AHI during NREM sleep,numeric or string,events/hour,nonnegative numeric,not_applicable,blank or missing possible,source workbook,converted to NREMAHI_n,must parse as numeric where present,Definition inferred from label,needs_review
source_variable,Pacific Islander Data New - ESS.xlsx,all,SupineAHI,Supine AHI,AHI while supine,numeric or string,events/hour,nonnegative numeric,not_applicable,blank or missing possible,source workbook,converted to SupineAHI_n,must parse as numeric where present,Definition inferred from label,needs_review
source_variable,Pacific Islander Data New - ESS.xlsx,all,ODI3,Oxygen desaturation index 3 percent,ODI using a 3 percent desaturation threshold,numeric or string,events/hour,nonnegative numeric,not_applicable,blank or missing possible,source workbook,converted to ODI3_n,must parse as numeric where present,Definition inferred from label,needs_review
source_variable,Pacific Islander Data New - ESS.xlsx,all,ODI4,Oxygen desaturation index 4 percent,ODI using a 4 percent desaturation threshold,numeric or string,events/hour,nonnegative numeric,not_applicable,blank or missing possible,source workbook,converted to ODI4_n,must parse as numeric where present,Definition inferred from label,needs_review
source_variable,Pacific Islander Data New - ESS.xlsx,all,LowestSpO2,Lowest SpO2,Lowest oxygen saturation recorded,numeric,percent,0-100,not_applicable,blank or missing possible,source workbook,not_applicable,must be 0-100 where present,Definition inferred from label,needs_review
source_variable,Pacific Islander Data New - ESS.xlsx,all,Timebelow89minutes,Time below 89 percent in minutes,Minutes with saturation below 89 percent,numeric or string,minutes,nonnegative numeric,not_applicable,blank or missing possible,source workbook,converted to MinBelow89,must parse as numeric where present,Definition inferred from label,needs_review
source_variable,Pacific Islander Data New - ESS.xlsx,all,Timebelow89percentage,Time below 89 percent percentage,Percent of time with SpO2 below 89 percent,numeric or string,percent,0-100,not_applicable,blank or missing possible,source workbook,converted to PercBelow89 and desat_per_10,must parse as 0-100 where present,Definition inferred from label,needs_review
source_variable,Pacific Islander Data New - ESS.xlsx,all,EpworthSleepinessScaleAtDiag,Epworth Sleepiness Scale at diagnosis,ESS at diagnosis or referral,numeric or string,score,0-24,not_applicable,blank or missing possible,source workbook,destringed and recoded to excessive_sleepiness,must be plausible ESS score where present,Definition inferred from label,needs_review
source_variable,Pacific Islander Data New - ESS.xlsx,all,PercentageofUsage,Percentage of nights with PAP usage,Percent of nights with any PAP usage,numeric,percent,0-100,not_applicable,blank or missing possible,source workbook,used in CumulativeUse and models,must be 0-100 where present,Definition inferred from label,needs_review
source_variable,Pacific Islander Data New - ESS.xlsx,all,AvgUsagemin,Average PAP usage minutes,Average nightly PAP usage in minutes,numeric,minutes/night,nonnegative numeric,not_applicable,blank or missing possible,source workbook,used in CumulativeUse,must be numeric where present,Definition inferred from label,needs_review
source_variable,Pacific Islander Data New - ESS.xlsx,all,FlowAHI,On-treatment AHI,AHI estimated by PAP machine on treatment,numeric,events/hour,nonnegative numeric,not_applicable,blank or missing possible,source workbook,converted to FlowAHI_per_10,must be numeric where present,Definition inferred from label,needs_review
source_variable,Pacific Islander Data New - ESS.xlsx,all,Severity123,Source OSA severity code,Original coded OSA severity variable used to derive OSASeverity,categorical,not_applicable,"1|2|3","1 = Mild inferred | 2 = Moderate inferred | 3 = Severe inferred",blank or missing possible,source workbook,OSASeverity = Severity123 - 1,must be 1-3 where present,Labels inferred from downstream recode,needs_review
source_variable,Pacific Islander Data New - ESS.xlsx,all,Goals,Adherence goal met,Meeting adherence goal variable used as primary logistic outcome,binary,not_applicable,"0|1","0 = Not meeting target | 1 = Meeting target",blank or missing possible,source workbook,labeled in script,must be 0 or 1 where present,Confirm whether this is source or prior private derivation,needs_review
source_variable,Pacific Islander Data New - ESS.xlsx,all,GoalsSens,Adherence goal sensitivity outcome,Adherence goal sensitivity definition where missing is treated as no,binary,not_applicable,"0|1","0 = Not meeting target | 1 = Meeting target",blank or missing possible,source workbook,labeled in script,must be 0 or 1 where present,Confirm whether this is source or prior private derivation,needs_review
dropped_variable,Pacific Islander Data New - ESS.xlsx,all,duplicate_flag,Duplicate flag,Flag used to drop identified duplicate records,indicator,not_applicable,not_documented,not_documented,blank or missing possible,source workbook,drop if nonmissing then drop variable,confirm coding before reuse,Drops four duplicates per script comment,needs_review
dropped_variable,Pacific Islander Data New - ESS.xlsx,all,OriginalAge,Original age,Dropped cleanup field,unknown,unknown,not_documented,not_documented,not_documented,source workbook,dropped before analysis,not_applicable,Potentially redundant age field,needs_review
dropped_variable,Pacific Islander Data New - ESS.xlsx,all,Dateof1stsleepclinicvisit,Date of first sleep clinic visit,Dropped date field,date,date,not_documented,not_documented,not_documented,source workbook,dropped before analysis,not_applicable,Potentially identifiable date field,needs_review
dropped_variable,Pacific Islander Data New - ESS.xlsx,all,Dateofsleepstudy,Date of sleep study,Dropped date field,date,date,not_documented,not_documented,not_documented,source workbook,dropped before analysis,not_applicable,Potentially identifiable date field,needs_review
dropped_variable,Pacific Islander Data New - ESS.xlsx,all,Heightftin,Height feet/inches,Dropped height field,unknown,unknown,not_documented,not_documented,not_documented,source workbook,dropped before analysis,not_applicable,Redundant with Heightcm inferred,needs_review
dropped_variable,Pacific Islander Data New - ESS.xlsx,all,Heightin,Height inches,Dropped height field,numeric,inches,nonnegative numeric,not_applicable,not_documented,source workbook,dropped before analysis,not_applicable,Redundant with Heightcm inferred,needs_review
dropped_variable,Pacific Islander Data New - ESS.xlsx,all,Weightlbs,Weight pounds,Dropped weight field,numeric,pounds,nonnegative numeric,not_applicable,not_documented,source workbook,dropped before analysis,not_applicable,Redundant with WeightKg inferred,needs_review
dropped_variable,Pacific Islander Data New - ESS.xlsx,all,CV1Met2CVMet3none4,Historical comorbidity coding field,Dropped cleanup field,unknown,unknown,not_documented,not_documented,not_documented,source workbook,dropped before analysis,not_applicable,Meaning inferred only from variable name,needs_review
dropped_variable,Pacific Islander Data New - ESS.xlsx,all,Miscellaneous,Miscellaneous,Dropped miscellaneous field,unknown,unknown,not_documented,not_documented,not_documented,source workbook,dropped before analysis,not_applicable,Do not publish without review,needs_review
dropped_variable,Pacific Islander Data New - ESS.xlsx,all,DurationofDownload,Duration of download,Dropped PAP download duration field,unknown,unknown,not_documented,not_documented,not_documented,source workbook,dropped before analysis,not_applicable,Not used in public workflow,needs_review
restricted_phi,Pacific Islander Data New - ESS.xlsx,all,Lastname,Last name,Potential PHI field dropped if present,identifier,not_applicable,not_applicable,not_applicable,not_applicable,source workbook,capture drop before analysis,must not be committed,Obvious PHI,complete
restricted_phi,Pacific Islander Data New - ESS.xlsx,all,Firstname,First name,Potential PHI field dropped if present,identifier,not_applicable,not_applicable,not_applicable,not_applicable,source workbook,capture drop before analysis,must not be committed,Obvious PHI,complete
restricted_phi,Pacific Islander Data New - ESS.xlsx,all,MRN,Medical record number,Potential PHI field dropped if present,identifier,not_applicable,not_applicable,not_applicable,not_applicable,source workbook,capture drop before analysis,must not be committed,Obvious PHI,complete
restricted_phi,Pacific Islander Data New - ESS.xlsx,all,DOB,Date of birth,Potential PHI field dropped if present,date,date,not_applicable,not_applicable,not_applicable,source workbook,capture drop before analysis,must not be committed,Obvious PHI,complete
derived_variable,PI Stats - Final.do,all,Female,Female indicator,Sex recode where F maps to 1 and M maps to 0,binary,not_applicable,"0|1","0 = Male | 1 = Female",missing if source sex not recognized,Stata script,generated from Sex,must be 0 or 1 where present,Value label femalelab and PIfemalelab used,needs_review
derived_variable,PI Stats - Final.do,all,HSAT,Home sleep apnea test indicator,Sleep-study type recode where specified portable/home strings map to HSAT and PSG strings map to in-lab PSG,binary,not_applicable,"0|1","0 = In Lab PSG | 1 = HSAT",missing if source type not recognized,Stata script,generated from Typeofsleepstudy,must be 0 or 1 where present,Review source strings for uncoded values,needs_review
derived_variable,PI Stats - Final.do,all,WeightKg_n,Weight kilograms numeric,Numeric rounded weight in kilograms,derived numeric,kg,nonnegative numeric,not_applicable,missing if WeightKg cannot parse,Stata script,"round(real(WeightKg), 0.1)",must be numeric or missing,Derived conversion,needs_review
derived_variable,PI Stats - Final.do,all,AHI_n,AHI numeric,Numeric rounded diagnostic AHI,derived numeric,events/hour,nonnegative numeric,not_applicable,missing if AHI cannot parse,Stata script,"round(real(AHI), 0.1)",must be numeric or missing,Derived conversion,needs_review
derived_variable,PI Stats - Final.do,all,REMAHI_n,REM AHI numeric,Numeric REM AHI,derived numeric,events/hour,nonnegative numeric,not_applicable,missing if REMAHI cannot parse,Stata script,real(REMAHI),must be numeric or missing,Derived conversion,needs_review
derived_variable,PI Stats - Final.do,all,NREMAHI_n,NREM AHI numeric,Numeric NREM AHI,derived numeric,events/hour,nonnegative numeric,not_applicable,missing if NREMAHI cannot parse,Stata script,real(NREMAHI),must be numeric or missing,Derived conversion,needs_review
derived_variable,PI Stats - Final.do,all,SupineAHI_n,Supine AHI numeric,Numeric supine AHI,derived numeric,events/hour,nonnegative numeric,not_applicable,missing if SupineAHI cannot parse,Stata script,real(SupineAHI),must be numeric or missing,Derived conversion,needs_review
derived_variable,PI Stats - Final.do,all,ODI3_n,ODI3 numeric,Numeric rounded ODI 3 percent threshold,derived numeric,events/hour,nonnegative numeric,not_applicable,missing if ODI3 cannot parse,Stata script,"round(real(ODI3), 0.1)",must be numeric or missing,Derived conversion,needs_review
derived_variable,PI Stats - Final.do,all,ODI4_n,ODI4 numeric,Numeric rounded ODI 4 percent threshold,derived numeric,events/hour,nonnegative numeric,not_applicable,missing if ODI4 cannot parse,Stata script,"round(real(ODI4), 0.1)",must be numeric or missing,Derived conversion,needs_review
derived_variable,PI Stats - Final.do,all,MinBelow89,Minutes below 89 percent,Numeric minutes with saturation below 89 percent,derived numeric,minutes,nonnegative numeric,not_applicable,missing if source cannot parse,Stata script,real(Timebelow89minutes),must be numeric or missing,Derived conversion,needs_review
derived_variable,PI Stats - Final.do,all,PercBelow89,Percent below 89 percent,Numeric percent of time with SpO2 below 89 percent,derived numeric,percent,0-100,not_applicable,missing if source cannot parse,Stata script,real(Timebelow89percentage),must be 0-100 where present,Derived conversion,needs_review
derived_variable,PI Stats - Final.do,all,excessive_sleepiness,Excessive daytime sleepiness,ESS category derived from EpworthSleepinessScaleAtDiag,binary,not_applicable,"0|1","0 = No Excessive Daytime Sleepiness | 1 = Excessive Daytime Sleepiness",missing if ESS missing,Stata script,"recode ESS min/10=0 11/max=1",must be 0 or 1 where present,Script label contains historical typo Sleepinesss,complete
derived_variable,PI Stats - Final.do,all,OSASeverity,OSA severity,Zero-based OSA severity category,derived categorical,not_applicable,"0|1|2","0 = Mild | 1 = Moderate | 2 = Severe",missing if Severity123 missing,Stata script,Severity123 - 1,must be 0-2 where present,Source coding should be confirmed,needs_review
derived_variable,PI Stats - Final.do,all,modsev_dz,Moderate or severe OSA,Collapsed OSA severity category,derived binary,not_applicable,"0|1","0 = Mild | 1 = Moderate and Severe",missing if OSASeverity missing,Stata script,recode OSASeverity 0=0 1=1 2=1,must be 0 or 1 where present,Derived from OSASeverity,complete
derived_variable,PI Stats - Final.do,all,wt_cat,BMI category,BMI category for figures and tables,derived categorical,kg/m2,"0|2|3|4|5|6","0 = Underweight | 2 = Normal | 3 = Overweight | 4 = Class 1 Obesity | 5 = Class 2 Obesity | 6 = Class 3 Obesity",missing if BMI missing,Stata script,recode BMI thresholds,must be allowed category where present,No category code 1 is used,complete
derived_variable,PI Stats - Final.do,all,age_cat,Age category,Age category at sleep study,derived categorical,years,"0|1|2|3|4","0 = 18-29 | 1 = 30-39 | 2 = 40-49 | 3 = 50-59 | 4 = +60",missing if age missing,Stata script,recode Ageatsleepstudy thresholds,must be allowed category where present,Derived age grouping,complete
derived_variable,PI Stats - Final.do,all,CumulativeUse,Nightly usage product,Product of percentage of usage and average use minutes,derived numeric,percent_minutes,nonnegative numeric,not_applicable,missing if source missing,Stata script,PercentageofUsage * AvgUsagemin,must be numeric or missing,Not used in final models in current script,needs_review
derived_variable,PI Stats - Final.do,all,severe_dz,Severe OSA indicator,Indicator for severe OSA,derived binary,not_applicable,"0|1","0 = Not Severe (AHI < 30) | 1 = Severe (AHI > 30)",missing if OSASeverity missing,Stata script,recode OSASeverity 0=0 1=0 2=1,must be 0 or 1 where present,Label uses >30 while article threshold is above 30; review boundary wording,needs_review
derived_variable,PI Stats - Final.do,all,age_decade,Age per 10 years,Age scaled by decade for regression,derived numeric,decades,nonnegative numeric,not_applicable,missing if age missing,Stata script,Ageatsleepstudy / 10,must be numeric or missing,Model predictor,complete
derived_variable,PI Stats - Final.do,all,bmi_5,BMI per 5 units,BMI scaled by five units for regression,derived numeric,kg/m2 per 5,nonnegative numeric,not_applicable,missing if BMI missing,Stata script,BMI / 5,must be numeric or missing,Model predictor,complete
derived_variable,PI Stats - Final.do,all,AHI_per_10,AHI per 10 events per hour,Diagnostic AHI scaled by 10 events per hour,derived numeric,events/hour per 10,nonnegative numeric,not_applicable,missing if AHI_n missing,Stata script,AHI_n / 10,must be numeric or missing,Model predictor,complete
derived_variable,PI Stats - Final.do,all,desat_per_10,SpO2 below 89 percent per 10 percent sleep time,Percent of sleep time below SpO2 threshold scaled by 10,derived numeric,10 percent units,nonnegative numeric,not_applicable,missing if PercBelow89 missing,Stata script,PercBelow89 / 10,must be numeric or missing,Model predictor,complete
derived_variable,PI Stats - Final.do,all,FlowAHI_per_10,On-treatment AHI per 10,Flow AHI scaled by 10,derived numeric,events/hour per 10,nonnegative numeric,not_applicable,missing if FlowAHI missing,Stata script,FlowAHI / 10,must be numeric or missing,Model predictor,complete
output,PI Stats - Final.do,not_applicable,PI Stats - Final.log,Stata log,Run log written under output directory,text file,not_applicable,not_applicable,not_applicable,not_applicable,Stata script,log using output_dir,review before sharing,May contain row-level summaries; do not publish blindly,needs_review
output,PI Stats - Final.do,not_applicable,table 1.xlsx,Table 1 by OSA severity,Baseline table stratified by OSA severity,Excel workbook,not_applicable,not_applicable,not_applicable,not_applicable,Stata script,table1_mc saving output,aggregate output,Historical root artifact retained,complete
output,PI Stats - Final.do,not_applicable,table 1 gender.xlsx,Table 1 by sex,Baseline table stratified by sex,Excel workbook,not_applicable,not_applicable,not_applicable,not_applicable,Stata script,table1_mc saving output,aggregate output,Historical root artifact retained,complete
output,PI Stats - Final.do,not_applicable,table 1 normals.xlsx,Table 1 normal-distribution variant,Baseline table normal-distribution variant,Excel workbook,not_applicable,not_applicable,not_applicable,not_applicable,Stata script,table1_mc saving output,aggregate output,Historical root artifact retained,complete
output,PI Stats - Final.do,not_applicable,AHI_Histogram.eps,AHI histogram,Exploratory AHI distribution figure,EPS figure,not_applicable,not_applicable,not_applicable,not_applicable,Stata script,graph export output,aggregate output,Historical root artifact retained,complete
output,PI Stats - Final.do,not_applicable,ESS_Histogram.eps,ESS histogram,Exploratory ESS distribution figure,EPS figure,not_applicable,not_applicable,not_applicable,not_applicable,Stata script,graph export output,aggregate output,Historical root artifact retained,complete
output,PI Stats - Final.do,not_applicable,Figure1.eps,Figure 1,OSA severity by age category and sex,EPS figure,not_applicable,not_applicable,not_applicable,not_applicable,Stata script,graph export output,aggregate output,Historical root artifact retained,complete
output,PI Stats - Final.do,not_applicable,Figure2.eps,Figure 2,OSA severity by BMI category and sex,EPS figure,not_applicable,not_applicable,not_applicable,not_applicable,Stata script,graph export output,aggregate output,Historical root artifact retained,complete
output,PI Stats - Final.do,not_applicable,Figure2.gph,Figure 2 graph file,Historical editable Stata graph file for Figure 2,GPH file,not_applicable,not_applicable,not_applicable,not_applicable,historical output,manual graph editor artifact,aggregate output,Retained as historical artifact but future .gph outputs are ignored,complete
output,PI Stats - Final.do,not_applicable,Figure3.eps,Figure 3,Adjusted odds ratios for PAP adherence target,EPS figure,not_applicable,not_applicable,not_applicable,not_applicable,Stata script,graph export output,aggregate output,Historical root artifact retained,complete
output,PI Stats - Final.do,not_applicable,FigureS1.eps,Supplementary Figure S1,Sex-stratified OSA severity distribution,EPS figure,not_applicable,not_applicable,not_applicable,not_applicable,Stata script,graph export output,aggregate output,Historical root artifact retained,complete
output,PI Stats - Final.do,not_applicable,FigureS2.eps,Supplementary Figure S2,SpO2 time below threshold by sex,EPS figure,not_applicable,not_applicable,not_applicable,not_applicable,Stata script,graph export output,aggregate output,Historical root artifact retained,complete
